{"params":{"kappa":2.073465605786826,"theta":0.04486384917016682,"sigma":0.6792241174415768,"rho":-0.6536502902198322,"v0":0.035371959398954975,"feller":false},"mean_iv_error":0.000904130197368689,"rmse_iv":0.0011177345476374974,"success":true,"message":"CONVERGENCE: REL_REDUCTION_OF_F_<=_FACTR*EPSMCH","n_iter":38,"n_feval":270,"n_options":58,"spot":5000,"rate":0.03,"liquidity":{"n_input":90,"n_kept":58,"removed_deep_otm":28,"removed_zero_oi":0,"removed_wide_spread":0,"removed_short_maturity":0,"removed_no_iv":4},"provenance":{"source":"demo","as_of":"2026-07-23T12:00:00Z","cached_at":null,"stale":false,"cache_backend":"static"}}
