{"alpha":0.01,"kruskal_wallis":{"kappa":{"H":6.517833840800349,"p_value":0.03842999823242027,"significant":false},"theta":{"H":3.9650000000000034,"p_value":0.13772449532465125,"significant":false},"sigma":{"H":19.86,"p_value":4.869179609863181e-05,"significant":true},"rho":{"H":17.564999999999998,"p_value":0.0001533941201420647,"significant":true},"v0":{"H":20.480000000000004,"p_value":3.571284964163516e-05,"significant":true}},"regime_params":{"low_vol":{"kappa":0.57605545303974,"theta":0.0323325379972942,"sigma":0.2705927675757844,"rho":-0.5565291443847711,"v0":0.011795127016624416,"feller":false},"elevated_vol":{"kappa":2.06452503573329,"theta":0.03832597577316401,"sigma":0.5546410887879702,"rho":-0.7019083286716923,"v0":0.04525943057710037,"feller":false},"crisis":{"kappa":1.5726543234279886,"theta":0.11877765142878773,"sigma":0.9455316752572956,"rho":-0.8127729336238169,"v0":0.1289823482544902,"feller":false}},"param_samples":{"low_vol":{"kappa":[0.7370779112631212,6.849926025617952,0.40167979451632385,11.265585874916532,0.6854234073736798,0.6927526665510835,2.830843851769537,0.6927298519645566],"theta":[0.035434112201185725,0.012057508298364682,0.012895292604658059,0.013100058078264656,0.038304690138693066,0.039166182525087086,0.019289652817573326,0.001559385968019366],"sigma":[0.27679127106446155,0.3440187985266654,0.23110968703524468,0.39014258177465405,0.28714026563641215,0.3016466575417061,0.2929492319380117,0.26891205183657474],"rho":[-0.5332820267501807,-0.6500158372593272,-0.5367238831065735,-0.5883348321886404,-0.6009085044286981,-0.49215465584529905,-0.5671197465775615,-0.5359430765233422],"v0":[0.010869225014486474,0.014067134776678897,0.012665307478276652,0.012369435358396349,0.011020102269890641,0.011097782963589934,0.010191868010411432,0.01255530299591032]},"elevated_vol":{"kappa":[8.261169732376194,2.85987508590847,2.4484704556158308,0.5873820406513758,9.906593222253523,4.67715335468489,0.14766220142561476,1.702749079713478],"theta":[0.03821849826787883,0.04206714986099132,0.037250449917712106,0.0018651750440913076,0.037980960641412424,0.04069510809793133,0.07058260662381094,0.03686781713684631],"sigma":[0.5389370327384331,0.5269483465999969,0.5221951321787527,0.44052278483034546,0.7905082119494619,0.6540424525484878,0.541929969931951,0.4434283298943824],"rho":[-0.9320172588000728,-0.7222681780090365,-0.747199140867796,-0.7713447648548314,-0.7142265238972043,-0.6892743738333954,-0.6979765059380048,-0.7956017537379665],"v0":[0.048721777399581806,0.04419695979664192,0.04497619277903211,0.046254401956652494,0.050711876833383907,0.04674571231226289,0.04504443552375047,0.04492679939923613]},"crisis":{"kappa":[1.0535595478684776,0.1,0.5740571111560318,0.21433057396909017,0.6449189617858213,0.6595801431050429,1.5831606324782599,0.1],"theta":[0.134897292981257,0.014998647360370477,0.02915787734742403,0.014264328910505625,0.0667263908496194,0.024375328097774707,0.10751553031671937,0.020725322525578363],"sigma":[0.9877855861900355,0.8809109336648111,0.8056019374427917,0.8532349621459492,0.7271007390468023,0.7891573053441651,1.0519764619216607,0.863191566045719],"rho":[-0.7775811457601329,-0.8231598413303645,-0.8889656462599741,-0.8066435392291115,-0.999,-0.8977503159070035,-0.741963037469205,-0.8468476412258499],"v0":[0.1264809532328645,0.1285551549374969,0.13091829926435708,0.1284302755141462,0.12699338454855522,0.1314561869767992,0.1314738021866036,0.12944696199521444]}},"static_mae_overall":0.08063745142425716,"regime_mae_overall":0.002229734755519297,"static_mae_by_regime":{"low_vol":0.10525313604805524,"elevated_vol":0.015702528032957668,"crisis":0.1209566901917586},"regime_mae_by_regime":{"low_vol":0.00285420125080752,"elevated_vol":0.0018619670846587962,"crisis":0.001973035931091575},"regime_conditional_improvement_pct":97.23486454973879,"provenance":{"source":"demo","as_of":"2026-07-23T12:00:00Z","cached_at":null,"stale":false,"cache_backend":"static"}}
