{"moneyness":[0.8,0.8166666666666667,0.8333333333333334,0.8500000000000001,0.8666666666666667,0.8833333333333333,0.9,0.9166666666666667,0.9333333333333333,0.95,0.9666666666666667,0.9833333333333334,1,1.0166666666666666,1.0333333333333332,1.05,1.0666666666666667,1.0833333333333333,1.1,1.1166666666666667,1.1333333333333333,1.15,1.1666666666666665,1.1833333333333333,1.2],"strikes":[4000,4083.3333333333335,4166.666666666667,4250,4333.333333333333,4416.666666666667,4500,4583.333333333334,4666.666666666667,4750,4833.333333333333,4916.666666666667,5000,5083.333333333333,5166.666666666666,5250,5333.333333333333,5416.666666666666,5500,5583.333333333333,5666.666666666667,5750,5833.333333333333,5916.666666666667,6000],"maturities":[0.019178082191780823,0.15929549902152643,0.299412915851272,0.4395303326810176,0.5796477495107633,0.7197651663405089,0.8598825831702545,1],"market_iv":[[0.254083053942395,0.254083053942395,0.254083053942395,0.254083053942395,0.2296561625030701,0.2296561625030701,0.2296561625030701,0.2296561625030701,0.2145088273322315,0.20217117984731311,0.20217117984731311,0.19551159789736147,0.18621050578849055,0.17707740271445113,0.1705381009134389,0.1705381009134389,0.155508602290139,0.155508602290139,0.155508602290139,0.155508602290139,0.14683740077762217,0.14683740077762217,0.14683740077762217,0.14683740077762217,0.14286194090987112],[0.26294985136606164,0.26294985136606164,0.254083053942395,0.254083053942395,0.2495150942915714,0.2409382172805888,0.23244903615925508,0.22395158979294377,0.2155165736131166,0.20705813088363526,0.19856888657960847,0.1899451668315373,0.18140448254121577,0.17303640253938327,0.16506567457261578,0.15793168914590552,0.15218591590922304,0.14756712301994354,0.14683740077762217,0.14683740077762217,0.14286194090987112,0.14286194090987112,0.14286194090987112,0.14286194090987112,0.14286194090987112],[0.26294985136606164,0.26294985136606164,0.2574014630883597,0.24902554602079696,0.24160280949981833,0.23341915698302665,0.22533664496244643,0.21792865398557376,0.21021564858836184,0.20221517254621987,0.19435420948551482,0.18684965708542906,0.17955360906457782,0.1719631080886601,0.1656324088040072,0.15908672525563106,0.15357152366369722,0.14875628002049018,0.14558224580237236,0.14316522315834038,0.14286194090987112,0.14286194090987112,0.14286194090987112,0.14286194090987112,0.14043101141138614],[0.261015728765614,0.2567396136130964,0.24899607965632967,0.24165474357013464,0.23453722446287423,0.2272518683129603,0.2197611418740042,0.2129515857549536,0.20629289878100598,0.1986450505159088,0.19217574455105477,0.18524844012977984,0.17901699273433133,0.17249365032862746,0.16675588897755994,0.16139703464437477,0.15600948018094682,0.15139322680974032,0.14772889083011823,0.14482701422193198,0.1426420763419517,0.14146283841238805,0.14043101141138614,0.14043101141138614,0.14043101141138614],[0.2576216359204008,0.25066744376625044,0.24324649293401987,0.23600643193876739,0.22942787028998937,0.22267317215652888,0.21663649417734995,0.210113515213514,0.2037352988461955,0.19715842446817633,0.19070649512591756,0.18496534979498502,0.17930525662011032,0.17395858808000722,0.16822082672893968,0.1628619723957545,0.15874302079724018,0.15418459244644517,0.1505582651301,0.14730981793316492,0.14505012117243704,0.14302348149370028,0.1420876091053543,0.14043101141138614,0.14043101141138614],[0.252123512668879,0.24604165519166812,0.2386207043594375,0.23199760580368495,0.22567514402371774,0.2198034755825216,0.2146601795718872,0.20813720060805127,0.20267755029838014,0.19610067592036096,0.19058056796477382,0.1848394226338413,0.18010487159003175,0.1756351986285015,0.16989743727743395,0.16507080307075056,0.1614737531021451,0.15713325438882625,0.15350692707248115,0.1504253145152664,0.14792077580411897,0.1457129522683216,0.14434059533599997,0.14283145392786617,0.14043101141138614],[0.24662538941735723,0.24097156562195457,0.23399491578485512,0.22824487953741338,0.2220966755735519,0.21693377900851432,0.21196142340247573,0.20616088600258853,0.2014385311584695,0.1950429273725456,0.1904546408036301,0.18518489630169,0.1809044865599532,0.1768651342727576,0.1715740478259282,0.16750055725072702,0.16390350728212158,0.16008191633120736,0.1565905013841333,0.15354081109736784,0.1508397477505469,0.14858360690000352,0.14659358156664565,0.14508444015851182,0.14560089894524192],[0.2411272661658354,0.23547344237043277,0.2298918037865489,0.22449215327114178,0.2192269789995446,0.21406408243450706,0.20909172682846847,0.2041845713971258,0.19946221655300675,0.19483374531780814,0.19032871364248635,0.18598451127161145,0.18170410152987465,0.17766474924267905,0.17370154318642275,0.16993031143070347,0.16633326146209804,0.16286868778228333,0.15970599796623475,0.1566563076794693,0.15395524433264834,0.15145426153168545,0.14921634759657298,0.14733742638915748,0.14560089894524192]],